﻿<project version="2.9" name="Sketch" ID="A187FE3C-5698-4F1A-9330-ED18155D5F3A">
  <params>
    <pageParam version="5.3" minAllowVersion="5.3"/>
    <projectParam version="2.9" minAllowVersion="2.9" platform="MtWeb" pageSize="(1400,2000)" backgroundColor="4294967295" fontSize="14" fontFamily="微软雅黑" projectType="ptPersonalProject" isShowTitleIndex="False"/>
    <previewParam version="1.0"/>
    <colorParam version="1.0"/>
  </params>
  <pages>
    <page name="Home" ID="CE7FEDC9-C8D8-4AEC-814E-46B4B153C564" expanded="True" code="mumUqALHGp" thumbCode="2lgmBpd29p" status="psWhite" isfolder="False" isshownode="True">
      <images>
        <image key="F2F779B3F9EDD638F5C39FC1383146F0.svg"/>
      </images>
    </page>
    <page name="Community" ID="6E39BF58-D887-44C7-AB78-7C35C6E1C8E1" expanded="True" code="FmLAl9NeUA" thumbCode="FmLAl9NeUA" status="psWhite" isfolder="False" isshownode="True">
      <images>
        <image key="97D42F84AB1ACA7B3DB71E8D7DA90BF0.svg"/>
      </images>
    </page>
    <page name="Support" ID="C77AC890-E2EB-4BA6-B7A6-83D9BA75DA35" expanded="True" code="vsSHNM8DJS" thumbCode="vsSHNM8DJS" status="psWhite" isfolder="False" isshownode="True"/>
    <page name="Extensions" ID="7D1B3CA0-20F2-4733-8EAA-D965B4778771" expanded="True" code="kEdkNrro5w" thumbCode="kEdkNrro5w" isLastOpen="True" status="psWhite" isfolder="False" isshownode="True">
      <images>
        <image key="A74ACDBBC3EE487C9CDF84F8F9700C7C.svg"/>
        <image key="97D42F84AB1ACA7B3DB71E8D7DA90BF0.svg"/>
      </images>
    </page>
    <page name="Learn" ID="55102613-70AE-4B0E-980D-86384CC057B4" expanded="True" code="KJGhMFfRKh" thumbCode="KJGhMFfRKh" status="psWhite" isfolder="False" isshownode="True"/>
  </pages>
  <trash>
    <page name="HAUTE COUTURE" ID="073C211C-B880-459E-9354-50C33B441055" expanded="False" code="qkkyYEKgCF" thumbCode="uRRrshIDSV" isLastOpen="True" status="psWhite" isfolder="False" isshownode="True">
      <images>
        <image key="D490C652DAD7B0B7B04404FDF6724B82.svg"/>
        <image key="145C355EFED887C1A70F3F55FC4956ED.svg"/>
        <image key="42CF9E031360EBC09387427849BF6328.svg"/>
        <image key="BC6C2BC3C03177B465CC13AD05BEA0F0.svg"/>
        <image key="6EE140726548992D82F763CCD21EF6A1.svg"/>
        <image key="301A71047160F84329923E04829C6035.svg"/>
        <image key="3BBD06F919FD3A29E0530A1DFCC74944.svg"/>
        <image key="797B3A8D739B87724A0E794DBF4F4104.svg"/>
        <image key="6E397F998770B38A343BB5B849DF19E9.svg"/>
      </images>
    </page>
    <page name="FASHION" ID="0E8EB900-01AB-4CC2-B773-F4E9179859FB" expanded="True" code="QKIDVcBM75" thumbCode="HM4I9appFI" isLastOpen="True" status="psWhite" isfolder="False" isshownode="True">
      <images>
        <image key="D490C652DAD7B0B7B04404FDF6724B82.svg"/>
        <image key="145C355EFED887C1A70F3F55FC4956ED.svg"/>
        <image key="42CF9E031360EBC09387427849BF6328.svg"/>
        <image key="BC6C2BC3C03177B465CC13AD05BEA0F0.svg"/>
        <image key="6EE140726548992D82F763CCD21EF6A1.svg"/>
        <image key="301A71047160F84329923E04829C6035.svg"/>
        <image key="2E967326C22523F5F084001B9F4E5BC7.svg"/>
        <image key="797B3A8D739B87724A0E794DBF4F4104.svg"/>
        <image key="6E397F998770B38A343BB5B849DF19E9.svg"/>
        <image key="DB7FC814F441C17601BBA7EA29C0CC4C.svg"/>
      </images>
    </page>
    <page name="Haute couture" ID="BBD15832-0E1B-4C6E-891E-A260FBD2A0DF" expanded="True" code="Sj2MjYmiRx" thumbCode="Qdz874VGAd" isLastOpen="True" status="psWhite" isfolder="False" isshownode="True">
      <images>
        <image key="D490C652DAD7B0B7B04404FDF6724B82.svg"/>
        <image key="145C355EFED887C1A70F3F55FC4956ED.svg"/>
        <image key="42CF9E031360EBC09387427849BF6328.svg"/>
        <image key="BC6C2BC3C03177B465CC13AD05BEA0F0.svg"/>
        <image key="6EE140726548992D82F763CCD21EF6A1.svg"/>
        <image key="301A71047160F84329923E04829C6035.svg"/>
        <image key="2E967326C22523F5F084001B9F4E5BC7.svg"/>
        <image key="4B1F1033188A54BDA32C6005C2458136.svg"/>
        <image key="6E397F998770B38A343BB5B849DF19E9.svg"/>
        <image key="DB7FC814F441C17601BBA7EA29C0CC4C.svg"/>
      </images>
    </page>
    <page name="Fashion" ID="A97BB4B5-A5BC-4BDD-BC5E-93A4C662993B" expanded="True" code="86uvPxVNEl" thumbCode="6TFAT34zwn" status="psWhite" isfolder="False" isshownode="True">
      <images>
        <image key="D490C652DAD7B0B7B04404FDF6724B82.svg"/>
        <image key="145C355EFED887C1A70F3F55FC4956ED.svg"/>
        <image key="42CF9E031360EBC09387427849BF6328.svg"/>
        <image key="BC6C2BC3C03177B465CC13AD05BEA0F0.svg"/>
        <image key="6EE140726548992D82F763CCD21EF6A1.svg"/>
        <image key="301A71047160F84329923E04829C6035.svg"/>
        <image key="2E967326C22523F5F084001B9F4E5BC7.svg"/>
        <image key="4B1F1033188A54BDA32C6005C2458136.svg"/>
        <image key="6E397F998770B38A343BB5B849DF19E9.svg"/>
        <image key="DB7FC814F441C17601BBA7EA29C0CC4C.svg"/>
      </images>
    </page>
    <page name="Account" ID="14EC5678-BD16-4092-BC01-062D96581958" expanded="True" code="kdSRgjOpxv" thumbCode="BaWvsIGMfM" status="psWhite" isfolder="False" isshownode="True">
      <images>
        <image key="D490C652DAD7B0B7B04404FDF6724B82.svg"/>
        <image key="145C355EFED887C1A70F3F55FC4956ED.svg"/>
        <image key="42CF9E031360EBC09387427849BF6328.svg"/>
        <image key="BC6C2BC3C03177B465CC13AD05BEA0F0.svg"/>
        <image key="6EE140726548992D82F763CCD21EF6A1.svg"/>
        <image key="301A71047160F84329923E04829C6035.svg"/>
        <image key="3BBD06F919FD3A29E0530A1DFCC74944.svg"/>
        <image key="2E967326C22523F5F084001B9F4E5BC7.svg"/>
        <image key="4B1F1033188A54BDA32C6005C2458136.svg"/>
        <image key="6E397F998770B38A343BB5B849DF19E9.svg"/>
        <image key="DB7FC814F441C17601BBA7EA29C0CC4C.svg"/>
      </images>
    </page>
    <page name="Description" ID="EB04CF5B-BC71-4180-B5EC-127A2432F686" expanded="True" code="krYM7zPEv8" thumbCode="N2avOiKPXQ" status="psWhite" isfolder="False" isshownode="True">
      <images>
        <image key="D490C652DAD7B0B7B04404FDF6724B82.svg"/>
        <image key="145C355EFED887C1A70F3F55FC4956ED.svg"/>
        <image key="42CF9E031360EBC09387427849BF6328.svg"/>
        <image key="BC6C2BC3C03177B465CC13AD05BEA0F0.svg"/>
        <image key="6EE140726548992D82F763CCD21EF6A1.svg"/>
        <image key="301A71047160F84329923E04829C6035.svg"/>
        <image key="3BBD06F919FD3A29E0530A1DFCC74944.svg"/>
        <image key="2E967326C22523F5F084001B9F4E5BC7.svg"/>
        <image key="4B1F1033188A54BDA32C6005C2458136.svg"/>
        <image key="91852B86E51F760894554368302F9800.svg"/>
        <image key="6E397F998770B38A343BB5B849DF19E9.svg"/>
        <image key="DB7FC814F441C17601BBA7EA29C0CC4C.svg"/>
      </images>
    </page>
    <page name="Clothing" ID="BA607068-A634-43C8-818B-EA586DA00703" expanded="False" code="DQLsqnDXNv" thumbCode="IBNb9uB3VO" isLastOpen="True" status="psWhite" isfolder="False" isshownode="True">
      <images>
        <image key="474A61FDC203C97B2EEFAF494C017CCB.svg"/>
        <image key="C2DA32AD73BD4A46DCAE15462637BA6C.svg"/>
        <image key="40645D66D54026359CE221416F2A5AD7.png"/>
        <image key="3BBD06F919FD3A29E0530A1DFCC74944.svg"/>
        <image key="2E967326C22523F5F084001B9F4E5BC7.svg"/>
        <image key="91852B86E51F760894554368302F9800.svg"/>
        <image key="8895DC3942F4268766FC6E2D02FFF247.svg"/>
        <image key="06367B6C3188786DED2BADC6C7AAF8F4.svg"/>
      </images>
    </page>
    <page name="Gifts" ID="1ADB4C4A-4116-423A-9867-B78E9D260007" expanded="True" code="TAJWCl6A2M" thumbCode="wsQOoxQ6Gp" isLastOpen="True" status="psWhite" isfolder="False" isshownode="True">
      <images>
        <image key="474A61FDC203C97B2EEFAF494C017CCB.svg"/>
        <image key="C2DA32AD73BD4A46DCAE15462637BA6C.svg"/>
        <image key="3BBD06F919FD3A29E0530A1DFCC74944.svg"/>
        <image key="8895DC3942F4268766FC6E2D02FFF247.svg"/>
        <image key="06367B6C3188786DED2BADC6C7AAF8F4.svg"/>
      </images>
    </page>
    <page name="Accessories" ID="4272127C-CDDC-4401-8FBC-0F2E5AAD91CB" expanded="True" code="8wvUHtoEIR" thumbCode="ukjsgv3Vbo" status="psWhite" isfolder="False" isshownode="True">
      <images>
        <image key="474A61FDC203C97B2EEFAF494C017CCB.svg"/>
        <image key="C2DA32AD73BD4A46DCAE15462637BA6C.svg"/>
        <image key="3BBD06F919FD3A29E0530A1DFCC74944.svg"/>
        <image key="8895DC3942F4268766FC6E2D02FFF247.svg"/>
        <image key="06367B6C3188786DED2BADC6C7AAF8F4.svg"/>
      </images>
    </page>
    <page name="Clothing" ID="99E173F1-241C-49FD-B692-3BB790DB94A2" expanded="True" code="54IVfZ8wqL" thumbCode="ZeinQUL1QK" status="psWhite" isfolder="False" isshownode="True">
      <images>
        <image key="474A61FDC203C97B2EEFAF494C017CCB.svg"/>
        <image key="C2DA32AD73BD4A46DCAE15462637BA6C.svg"/>
        <image key="3BBD06F919FD3A29E0530A1DFCC74944.svg"/>
        <image key="8895DC3942F4268766FC6E2D02FFF247.svg"/>
        <image key="06367B6C3188786DED2BADC6C7AAF8F4.svg"/>
      </images>
    </page>
    <page name="Willow Flat Sports Fit Polo" ID="3F2401F4-75AE-4FE7-887C-F13B79BA2B12" expanded="True" code="3iQ7PAHmHL" thumbCode="AqpbEnrae1" status="psWhite" isfolder="False" isshownode="True">
      <images>
        <image key="474A61FDC203C97B2EEFAF494C017CCB.svg"/>
        <image key="C2DA32AD73BD4A46DCAE15462637BA6C.svg"/>
        <image key="3BBD06F919FD3A29E0530A1DFCC74944.svg"/>
        <image key="CFAC147583A1C602F91FE6F2C39DA488.svg"/>
        <image key="8895DC3942F4268766FC6E2D02FFF247.svg"/>
        <image key="06367B6C3188786DED2BADC6C7AAF8F4.svg"/>
        <image key="2D780716D3D89B2EFB0155599BA0A89F.svg"/>
        <image key="28CAC8B5F3DA0602E0DF8897FD0F0A97.svg"/>
      </images>
    </page>
    <page name="Page" ID="AC6D52B5-B742-4B7F-BD50-7234156E0C00" expanded="True" code="xZcSLAmDdq" thumbCode="idhwOFHBRm" status="psWhite" isfolder="False" isshownode="True">
      <images>
        <image key="20F7CAC49D488300B867284006A2108F.svg"/>
      </images>
    </page>
  </trash>
  <deletes/>
  <masters>
    <master name="Master" ID="A3510D9C-37B2-46C2-A006-C0528BE067FE" code="7WcGoOnkty" status="psWhite" createDate="2018-06-25 01:01:08">
      <refPages>
        <page ID="073C211C-B880-459E-9354-50C33B441055" refCount="1"/>
      </refPages>
    </master>
    <master name="Master1" ID="3AE5E8F8-9898-4D4F-A31E-2FBB240BCA4C" code="JdT7mXgJaw" status="psWhite" createDate="2018-06-25 17:52:36">
      <refPages>
        <page ID="0E8EB900-01AB-4CC2-B773-F4E9179859FB" refCount="1"/>
      </refPages>
      <images>
        <image key="2E967326C22523F5F084001B9F4E5BC7.svg"/>
        <image key="DB7FC814F441C17601BBA7EA29C0CC4C.svg"/>
      </images>
    </master>
    <master name="Master2" ID="979C8132-56E2-4C99-8356-9227E2135DAC" code="DjhpgJDrcv" status="psWhite" createDate="2018-09-29 16:57:06">
      <refPages>
        <page ID="4272127C-CDDC-4401-8FBC-0F2E5AAD91CB" refCount="1"/>
        <page ID="1ADB4C4A-4116-423A-9867-B78E9D260007" refCount="1"/>
        <page ID="3F2401F4-75AE-4FE7-887C-F13B79BA2B12" refCount="1"/>
        <page ID="99E173F1-241C-49FD-B692-3BB790DB94A2" refCount="1"/>
      </refPages>
    </master>
  </masters>
  <images>
    <image key="6EE140726548992D82F763CCD21EF6A1.svg"/>
    <image key="40645D66D54026359CE221416F2A5AD7.png"/>
    <image key="F2F779B3F9EDD638F5C39FC1383146F0.svg"/>
    <image key="42CF9E031360EBC09387427849BF6328.svg"/>
    <image key="145C355EFED887C1A70F3F55FC4956ED.svg"/>
    <image key="D490C652DAD7B0B7B04404FDF6724B82.svg"/>
    <image key="474A61FDC203C97B2EEFAF494C017CCB.svg"/>
    <image key="97D42F84AB1ACA7B3DB71E8D7DA90BF0.svg"/>
    <image key="2E967326C22523F5F084001B9F4E5BC7.svg"/>
    <image key="CFAC147583A1C602F91FE6F2C39DA488.svg"/>
    <image key="91852B86E51F760894554368302F9800.svg"/>
    <image key="8895DC3942F4268766FC6E2D02FFF247.svg"/>
    <image key="28CAC8B5F3DA0602E0DF8897FD0F0A97.svg"/>
    <image key="20F7CAC49D488300B867284006A2108F.svg"/>
    <image key="301A71047160F84329923E04829C6035.svg"/>
    <image key="3BBD06F919FD3A29E0530A1DFCC74944.svg"/>
    <image key="797B3A8D739B87724A0E794DBF4F4104.svg"/>
    <image key="4B1F1033188A54BDA32C6005C2458136.svg"/>
    <image key="6E397F998770B38A343BB5B849DF19E9.svg"/>
    <image key="2D780716D3D89B2EFB0155599BA0A89F.svg"/>
    <image key="DB7FC814F441C17601BBA7EA29C0CC4C.svg"/>
    <image key="BC6C2BC3C03177B465CC13AD05BEA0F0.svg"/>
    <image key="C2DA32AD73BD4A46DCAE15462637BA6C.svg"/>
    <image key="06367B6C3188786DED2BADC6C7AAF8F4.svg"/>
    <image key="A74ACDBBC3EE487C9CDF84F8F9700C7C.svg"/>
  </images>
</project>