﻿<LinkSources version="1.02">
  <page ID="CE7FEDC9-C8D8-4AEC-814E-46B4B153C564">
    <linkSource sourcePageID="BBD15832-0E1B-4C6E-891E-A260FBD2A0DF" comID="2DCE297D-9700-4207-9FD1-D2CA6094EF25" comLinkType="cltPageLink"/>
    <linkSource sourcePageID="0E8EB900-01AB-4CC2-B773-F4E9179859FB" comID="2DCE297D-9700-4207-9FD1-D2CA6094EF25" comLinkType="cltPageLink"/>
    <linkSource sourcePageID="A97BB4B5-A5BC-4BDD-BC5E-93A4C662993B" comID="2DCE297D-9700-4207-9FD1-D2CA6094EF25" comLinkType="cltPageLink"/>
    <linkSource sourcePageID="99E173F1-241C-49FD-B692-3BB790DB94A2" comID="2DCE297D-9700-4207-9FD1-D2CA6094EF25" comLinkType="cltPageLink"/>
    <linkSource sourcePageID="3F2401F4-75AE-4FE7-887C-F13B79BA2B12" comID="2DCE297D-9700-4207-9FD1-D2CA6094EF25" comLinkType="cltPageLink"/>
    <linkSource sourcePageID="4272127C-CDDC-4401-8FBC-0F2E5AAD91CB" comID="2DCE297D-9700-4207-9FD1-D2CA6094EF25" comLinkType="cltPageLink"/>
    <linkSource sourcePageID="1ADB4C4A-4116-423A-9867-B78E9D260007" comID="2DCE297D-9700-4207-9FD1-D2CA6094EF25" comLinkType="cltPageLink"/>
    <linkSource sourcePageID="6E39BF58-D887-44C7-AB78-7C35C6E1C8E1" comID="2DCE297D-9700-4207-9FD1-D2CA6094EF25" comLinkType="cltPageLink"/>
    <linkSource sourcePageID="C77AC890-E2EB-4BA6-B7A6-83D9BA75DA35" comID="2DCE297D-9700-4207-9FD1-D2CA6094EF25" comLinkType="cltPageLink"/>
    <linkSource sourcePageID="7D1B3CA0-20F2-4733-8EAA-D965B4778771" comID="2DCE297D-9700-4207-9FD1-D2CA6094EF25" comLinkType="cltPageLink"/>
    <linkSource sourcePageID="55102613-70AE-4B0E-980D-86384CC057B4" comID="2DCE297D-9700-4207-9FD1-D2CA6094EF25" comLinkType="cltPageLink"/>
  </page>
  <page ID="6E39BF58-D887-44C7-AB78-7C35C6E1C8E1">
    <linkSource sourcePageID="CE7FEDC9-C8D8-4AEC-814E-46B4B153C564" comID="3DD00249-CF98-4107-864B-F5D28AD5742C" comLinkType="cltPageLink"/>
    <linkSource sourcePageID="C77AC890-E2EB-4BA6-B7A6-83D9BA75DA35" comID="3DD00249-CF98-4107-864B-F5D28AD5742C" comLinkType="cltPageLink"/>
    <linkSource sourcePageID="7D1B3CA0-20F2-4733-8EAA-D965B4778771" comID="3DD00249-CF98-4107-864B-F5D28AD5742C" comLinkType="cltPageLink"/>
    <linkSource sourcePageID="55102613-70AE-4B0E-980D-86384CC057B4" comID="3DD00249-CF98-4107-864B-F5D28AD5742C" comLinkType="cltPageLink"/>
  </page>
  <page ID="C77AC890-E2EB-4BA6-B7A6-83D9BA75DA35">
    <linkSource sourcePageID="CE7FEDC9-C8D8-4AEC-814E-46B4B153C564" comID="3DD00249-CF98-4107-864B-F5D28AD5742C" comLinkType="cltPageLink"/>
    <linkSource sourcePageID="6E39BF58-D887-44C7-AB78-7C35C6E1C8E1" comID="3DD00249-CF98-4107-864B-F5D28AD5742C" comLinkType="cltPageLink"/>
    <linkSource sourcePageID="7D1B3CA0-20F2-4733-8EAA-D965B4778771" comID="3DD00249-CF98-4107-864B-F5D28AD5742C" comLinkType="cltPageLink"/>
    <linkSource sourcePageID="55102613-70AE-4B0E-980D-86384CC057B4" comID="3DD00249-CF98-4107-864B-F5D28AD5742C" comLinkType="cltPageLink"/>
  </page>
  <page ID="7D1B3CA0-20F2-4733-8EAA-D965B4778771">
    <linkSource sourcePageID="CE7FEDC9-C8D8-4AEC-814E-46B4B153C564" comID="3DD00249-CF98-4107-864B-F5D28AD5742C" comLinkType="cltPageLink"/>
    <linkSource sourcePageID="6E39BF58-D887-44C7-AB78-7C35C6E1C8E1" comID="3DD00249-CF98-4107-864B-F5D28AD5742C" comLinkType="cltPageLink"/>
    <linkSource sourcePageID="C77AC890-E2EB-4BA6-B7A6-83D9BA75DA35" comID="3DD00249-CF98-4107-864B-F5D28AD5742C" comLinkType="cltPageLink"/>
    <linkSource sourcePageID="55102613-70AE-4B0E-980D-86384CC057B4" comID="3DD00249-CF98-4107-864B-F5D28AD5742C" comLinkType="cltPageLink"/>
  </page>
  <page ID="55102613-70AE-4B0E-980D-86384CC057B4">
    <linkSource sourcePageID="CE7FEDC9-C8D8-4AEC-814E-46B4B153C564" comID="3DD00249-CF98-4107-864B-F5D28AD5742C" comLinkType="cltPageLink"/>
    <linkSource sourcePageID="6E39BF58-D887-44C7-AB78-7C35C6E1C8E1" comID="3DD00249-CF98-4107-864B-F5D28AD5742C" comLinkType="cltPageLink"/>
    <linkSource sourcePageID="C77AC890-E2EB-4BA6-B7A6-83D9BA75DA35" comID="3DD00249-CF98-4107-864B-F5D28AD5742C" comLinkType="cltPageLink"/>
    <linkSource sourcePageID="7D1B3CA0-20F2-4733-8EAA-D965B4778771" comID="3DD00249-CF98-4107-864B-F5D28AD5742C" comLinkType="cltPageLink"/>
  </page>
</LinkSources>